molecule_index,name,atoms,bonds
0,"Largest isolated from Written by BCL::WriteToMDL,1830756",52,53
1,"Largest isolated from Written by BCL::WriteToMDL,2234459",37,38
2,"Largest isolated from Written by BCL::WriteToMDL,20937323",43,44
3,"Largest isolated from Written by BCL::WriteToMDL,933649",47,48
4,"Largest isolated from Written by BCL::WriteToMDL,2930814",38,39
5,"Largest isolated from Written by BCL::WriteToMDL,3724094",43,46
6,"Largest isolated from Written by BCL::WriteToMDL,11948866",44,44
7,"Largest isolated from Written by BCL::WriteToMDL,24980797",52,53
8,"Largest isolated from Written by BCL::WriteToMDL,2959070",44,45
9,"Largest isolated from Written by BCL::WriteToMDL,24982334",51,53
10,"Largest isolated from Written by BCL::WriteToMDL,23640915",54,57
11,"Largest isolated from Written by BCL::WriteToMDL,6485989",49,52
12,"Largest isolated from Written by BCL::WriteToMDL,2972188",38,40
13,"Largest isolated from Written by BCL::WriteToMDL,2983087",47,49
14,"Largest isolated from Written by BCL::WriteToMDL,661024",41,42
15,"Largest isolated from Written by BCL::WriteToMDL,1167729",45,47
16,"Largest isolated from Written by BCL::WriteToMDL,2463554",49,51
17,"Largest isolated from Written by BCL::WriteToMDL,616271",48,50
18,"Largest isolated from Written by BCL::WriteToMDL,973685",34,36
19,"Largest isolated from Written by BCL::WriteToMDL,2122091",47,50
20,"Largest isolated from Written by BCL::WriteToMDL,1263189",37,38
21,"Largest isolated from Written by BCL::WriteToMDL,6602960",44,47
22,"Largest isolated from Written by BCL::WriteToMDL,2984278",38,39
23,"Largest isolated from Written by BCL::WriteToMDL,4009407",47,48
24,"Largest isolated from Written by BCL::WriteToMDL,665176",43,45
25,"Largest isolated from Written by BCL::WriteToMDL,660907",40,42
26,"Largest isolated from Written by BCL::WriteToMDL,1488386",37,38
27,"Largest isolated from Written by BCL::WriteToMDL,2977939",37,37
28,"Largest isolated from Written by BCL::WriteToMDL,2386422",44,48
29,"Largest isolated from Written by BCL::WriteToMDL,2935588",47,48
30,"Largest isolated from Written by BCL::WriteToMDL,20118",37,38
31,"Largest isolated from Written by BCL::WriteToMDL,6602913",33,35
32,"Largest isolated from Written by BCL::WriteToMDL,2984034",40,41
33,"Largest isolated from Written by BCL::WriteToMDL,801116",35,36
34,"Largest isolated from Written by BCL::WriteToMDL,5413085",42,44
35,"Largest isolated from Written by BCL::WriteToMDL,2984782",47,48
36,"Largest isolated from Written by BCL::WriteToMDL,17367486",44,46
37,"Largest isolated from Written by BCL::WriteToMDL,1483198",43,44
38,"Largest isolated from Written by BCL::WriteToMDL,715695",38,40
39,"Largest isolated from Written by BCL::WriteToMDL,6464138",38,39
40,"Largest isolated from Written by BCL::WriteToMDL,2924017",52,54
41,"Largest isolated from Written by BCL::WriteToMDL,667701",39,41
42,"Largest isolated from Written by BCL::WriteToMDL,2935998",50,51
43,"Largest isolated from Written by BCL::WriteToMDL,24746733",53,55
44,"Largest isolated from Written by BCL::WriteToMDL,24746735",52,54
45,"Largest isolated from Written by BCL::WriteToMDL,731799",44,46
46,"Largest isolated from Written by BCL::WriteToMDL,1096489",37,39
47,"Largest isolated from Written by BCL::WriteToMDL,1320969",38,40
48,"Largest isolated from Written by BCL::WriteToMDL,6471104",46,48
49,"Largest isolated from Written by BCL::WriteToMDL,792502",45,47
50,"Largest isolated from Written by BCL::WriteToMDL,23723675",62,64
51,"Largest isolated from Written by BCL::WriteToMDL,2976394",45,46
52,"Largest isolated from Written by BCL::WriteToMDL,2838218",43,45
53,"Largest isolated from Written by BCL::WriteToMDL,6917789",43,44
54,"Largest isolated from Written by BCL::WriteToMDL,2962951",37,38
55,"Largest isolated from Written by BCL::WriteToMDL,225584",34,36
56,"Largest isolated from Written by BCL::WriteToMDL,70865",42,44
57,"Largest isolated from Written by BCL::WriteToMDL,3627083",46,47
58,"Largest isolated from Written by BCL::WriteToMDL,17123422",41,42
59,"Largest isolated from Written by BCL::WriteToMDL,3027783",42,43
60,"Largest isolated from Written by BCL::WriteToMDL,3665884",29,30
61,"Largest isolated from Written by BCL::WriteToMDL,3176404",45,47
62,"Largest isolated from Written by BCL::WriteToMDL,2976153",40,42
63,"Largest isolated from Written by BCL::WriteToMDL,2935593",49,50
64,"Largest isolated from Written by BCL::WriteToMDL,6898171",40,41
65,"Largest isolated from Written by BCL::WriteToMDL,1889549",50,52
66,"Largest isolated from Written by BCL::WriteToMDL,2933952",41,42
67,"Largest isolated from Written by BCL::WriteToMDL,18273725",38,39
68,"Largest isolated from Written by BCL::WriteToMDL,2973523",40,41
69,"Largest isolated from Written by BCL::WriteToMDL,1288666",46,48
70,"Largest isolated from Written by BCL::WriteToMDL,1125097",35,36
71,"Largest isolated from Written by BCL::WriteToMDL,2809964",47,48
72,"Largest isolated from Written by BCL::WriteToMDL,16248173",43,45
73,"Largest isolated from Written by BCL::WriteToMDL,1476513",37,39
74,"Largest isolated from Written by BCL::WriteToMDL,19579917",36,36
75,"Largest isolated from Written by BCL::WriteToMDL,2934578",52,53
76,"Largest isolated from Written by BCL::WriteToMDL,2850095",37,39
77,"Largest isolated from Written by BCL::WriteToMDL,776996",45,47
78,"Largest isolated from Written by BCL::WriteToMDL,1225417",39,41
79,"Largest isolated from Written by BCL::WriteToMDL,6911430",41,43
80,"Largest isolated from Written by BCL::WriteToMDL,24789258",61,64
81,"Largest isolated from Written by BCL::WriteToMDL,6898249",37,38
82,"Largest isolated from Written by BCL::WriteToMDL,1973366",44,45
83,"Largest isolated from Written by BCL::WriteToMDL,2057144",33,36
84,"Largest isolated from Written by BCL::WriteToMDL,657581",40,42
85,"Largest isolated from Written by BCL::WriteToMDL,2738173",39,41
86,"Largest isolated from Written by BCL::WriteToMDL,2997969",46,48
87,"Largest isolated from Written by BCL::WriteToMDL,5390025",39,41
88,"Largest isolated from Written by BCL::WriteToMDL,2935293",49,50
89,"Largest isolated from Written by BCL::WriteToMDL,766823",46,47
90,"Largest isolated from Written by BCL::WriteToMDL,2978550",40,41
91,"Largest isolated from Written by BCL::WriteToMDL,2952997",37,39
92,"Largest isolated from Written by BCL::WriteToMDL,1480282",30,31
93,"Largest isolated from Written by BCL::WriteToMDL,6323818",41,43
94,"Largest isolated from Written by BCL::WriteToMDL,8232846",45,47
95,"Largest isolated from Written by BCL::WriteToMDL,23723102",51,52
96,"Largest isolated from Written by BCL::WriteToMDL,2045841",46,48
97,"Largest isolated from Written by BCL::WriteToMDL,24746835",40,42
98,"Largest isolated from Written by BCL::WriteToMDL,24240380",48,49
99,"Largest isolated from Written by BCL::WriteToMDL,2934374",52,53
100,"Largest isolated from Written by BCL::WriteToMDL,24761107",37,39
101,"Largest isolated from Written by BCL::WriteToMDL,2899426",48,49
102,"Largest isolated from Written by BCL::WriteToMDL,17367616",48,50
103,"Largest isolated from Written by BCL::WriteToMDL,2896543",46,47
104,"Largest isolated from Written by BCL::WriteToMDL,2969907",40,41
105,"Largest isolated from Written by BCL::WriteToMDL,2934526",41,42
106,"Largest isolated from Written by BCL::WriteToMDL,24684626",39,41
107,"Largest isolated from Written by BCL::WriteToMDL,16192635",50,52
108,"Largest isolated from Written by BCL::WriteToMDL,882485",39,39
109,"Largest isolated from Written by BCL::WriteToMDL,23724050",62,64
110,"Largest isolated from Written by BCL::WriteToMDL,2215920",40,41
111,"Largest isolated from Written by BCL::WriteToMDL,6470043",43,44
112,"Largest isolated from Written by BCL::WriteToMDL,1478763",38,39
113,"Largest isolated from Written by BCL::WriteToMDL,5664176",38,39
114,"Largest isolated from Written by BCL::WriteToMDL,2998200",35,37
115,"Largest isolated from Written by BCL::WriteToMDL,693414",34,35
116,"Largest isolated from Written by BCL::WriteToMDL,24819210",45,47
117,"Largest isolated from Written by BCL::WriteToMDL,2367813",34,36
118,"Largest isolated from Written by BCL::WriteToMDL,2935256",43,44
119,"Largest isolated from Written by BCL::WriteToMDL,695106",46,48
120,"Largest isolated from Written by BCL::WriteToMDL,2841713",33,34
121,"Largest isolated from Written by BCL::WriteToMDL,17367564",38,39
122,"Largest isolated from Written by BCL::WriteToMDL,3830432",43,44
123,"Largest isolated from Written by BCL::WriteToMDL,656332",48,50
124,"Largest isolated from Written by BCL::WriteToMDL,2805173",33,35
125,"Largest isolated from Written by BCL::WriteToMDL,2337473",36,38
126,"Largest isolated from Written by BCL::WriteToMDL,2998207",32,34
127,"Largest isolated from Written by BCL::WriteToMDL,1442565",42,44
128,"Largest isolated from Written by BCL::WriteToMDL,2415521",44,46
129,"Largest isolated from Written by BCL::WriteToMDL,1988912",44,45
130,"Largest isolated from Written by BCL::WriteToMDL,17367442",47,49
131,"Largest isolated from Written by BCL::WriteToMDL,2813491",40,42
132,"Largest isolated from Written by BCL::WriteToMDL,2951933",42,44
133,"Largest isolated from Written by BCL::WriteToMDL,2053713",44,44
134,"Largest isolated from Written by BCL::WriteToMDL,2569114",49,50
135,"Largest isolated from Written by BCL::WriteToMDL,16195106",45,47
136,"Largest isolated from Written by BCL::WriteToMDL,791864",44,46
137,"Largest isolated from Written by BCL::WriteToMDL,2842642",38,39
138,"Largest isolated from Written by BCL::WriteToMDL,1267712",44,47
139,"Largest isolated from Written by BCL::WriteToMDL,3238125",38,38
140,"Largest isolated from Written by BCL::WriteToMDL,20937322",40,41
141,"Largest isolated from Written by BCL::WriteToMDL,2987440",38,41
142,"Largest isolated from Written by BCL::WriteToMDL,2831789",37,39
143,"Largest isolated from Written by BCL::WriteToMDL,666977",52,55
144,"Largest isolated from Written by BCL::WriteToMDL,4313716",52,53
145,"Largest isolated from Written by BCL::WriteToMDL,16194857",46,48
146,"Largest isolated from Written by BCL::WriteToMDL,17367817",40,42
147,"Largest isolated from Written by BCL::WriteToMDL,16197172",46,48
148,"Largest isolated from Written by BCL::WriteToMDL,4213523",41,42
149,"Largest isolated from Written by BCL::WriteToMDL,2827417",56,57
150,"Largest isolated from Written by BCL::WriteToMDL,2846545",44,46
151,"Largest isolated from Written by BCL::WriteToMDL,2942461",30,31
152,"Largest isolated from Written by BCL::WriteToMDL,3144932",41,44
153,"Largest isolated from Written by BCL::WriteToMDL,767981",34,36
154,"Largest isolated from Written by BCL::WriteToMDL,2846583",52,55
155,"Largest isolated from Written by BCL::WriteToMDL,9104271",50,53
156,"Largest isolated from Written by BCL::WriteToMDL,24817155",43,45
157,"Largest isolated from Written by BCL::WriteToMDL,721013",40,42
158,"Largest isolated from Written by BCL::WriteToMDL,7951074",48,49
159,"Largest isolated from Written by BCL::WriteToMDL,2598144",42,44
160,"Largest isolated from Written by BCL::WriteToMDL,9551932",36,38
161,"Largest isolated from Written by BCL::WriteToMDL,2954747",41,42
162,"Largest isolated from Written by BCL::WriteToMDL,2923756",37,37
163,"Largest isolated from Written by BCL::WriteToMDL,711084",33,34
164,"Largest isolated from Written by BCL::WriteToMDL,5152",67,68
165,"Largest isolated from Written by BCL::WriteToMDL,2738778",33,35
166,"Largest isolated from Written by BCL::WriteToMDL,9556823",22,22
167,"Largest isolated from Written by BCL::WriteToMDL,826733",33,34
168,"Largest isolated from Written by BCL::WriteToMDL,1045737",41,43
169,"Largest isolated from Written by BCL::WriteToMDL,2924404",50,51
170,"Largest isolated from Written by BCL::WriteToMDL,892591",42,43
171,"Largest isolated from Written by BCL::WriteToMDL,17452193",49,51
