bodyId,x,y,z
720575940602553568,172750,31059,4404
720575940602564320,163288,31776,4478
720575940602605536,164256,42728,5027
720575940603050668,154320,30528,4770
720575940603084972,170908,29926,4405
720575940603174368,143368,25576,3861
720575940603642982,164128,31800,4709
720575940603673120,152816,41592,5153
720575940603674656,157448,30552,4767
720575940603688224,151128,26664,4083
720575940603719712,148392,25424,4071
720575940603721248,157584,40976,5135
720575940603747616,164184,42416,5126
720575940603751782,159368,44120,4960
720575940603773798,152944,29040,4121
720575940604008672,152864,28624,3939
720575940604319078,163312,28368,4247
720575940604483040,154280,27464,4034
720575940604489649,161848,41232,5202
720575940604630496,159328,32864,4974
720575940604766153,156240,43088,5189
720575940604770249,163592,31096,4695
720575940604806345,166280,29264,4515
720575940604884396,151016,39264,5154
720575940604934572,153744,29072,4327
720575940604963942,141880,25432,3498
720575940605029250,164102,27118,4347
720575940605036418,165864,30824,4242
720575940605167025,152640,25024,4137
720575940605180337,165264,31600,4486
720575940605350066,148384,29400,4043
720575940605362610,147840,30248,4273
720575940605451552,154496,29344,4673
720575940605507249,154280,31000,4861
720575940605541920,163730,30298,4662
720575940605552742,149264,36336,4981
720575940605597216,144064,27720,3786
720575940605627057,167133,28432,4395
720575940605725873,146832,35904,4625
720575940605792434,161496,40280,5200
720575940605817522,160968,40744,5233
720575940605934001,155792,28136,4639
720575940605997257,167056,30552,4486
720575940605997513,152872,28016,4576
720575940606331996,150712,29736,4392
720575940606341250,152016,30808,4552
720575940606399068,157432,30688,4452
720575940606452681,160344,43136,4948
720575940606454108,160816,42376,4919
720575940606483467,167440,32008,4429
720575940606483723,157568,28952,4549
720575940606496011,156024,27800,4253
720575940606549961,149456,28432,4299
720575940606579465,152656,26000,4299
720575940606666953,155024,25888,4091
720575940606680706,154304,24720,4098
720575940606698697,148064,26288,4202
720575940606783362,172832,33456,4487
720575940606864341,153160,30504,4353
720575940606891221,169244,29079,4363
720575940606892162,166832,32848,4621
720575940606893186,148120,29472,3934
720575940606902741,152256,43632,5126
720575940606947714,152544,45000,5344
720575940606963586,146376,23392,3622
720575940606967730,156912,37256,5160
720575940606968450,155216,25816,4266
720575940606968962,149800,25912,3839
720575940607030281,155080,29000,4435
720575940607054770,159624,43960,5331
720575940607280306,156288,29840,4290
720575940607310531,162048,28936,4506
720575940607330499,158512,27096,4472
720575940607337155,157840,42528,5237
720575940607337923,158160,41376,5082
720575940607351747,163496,43032,5069
720575940607352003,153784,30048,4721
720575940607715420,148128,29776,4601
720575940607804939,154520,27392,4162
720575940607971908,159191,29800,4667
720575940607978820,157880,46832,5147
720575940607981636,161776,43320,5001
720575940607984651,150920,26424,3891
720575940607993668,172584,32744,4454
720575940608145877,149936,32168,4690
720575940608148693,156216,25824,4263
720575940608191836,170416,28064,4114
720575940608281180,171440,27784,4017
720575940608383243,161408,38440,5081
720575940608433476,164064,28256,4531
720575940608447241,173872,32992,4455
720575940608505795,155824,28600,4377
720575940608517385,152008,36904,5214
720575940608527150,162318,31996,4857
720575940608550409,158376,36840,5174
720575940608621614,168600,31992,4570
720575940608633134,157288,29552,4497
720575940608655918,152216,38224,5156
720575940608657621,146536,26552,4201
720575940608662485,169760,31632,4356
720575940608662574,145728,30912,4277
720575940608772821,148496,32936,4678
720575940608774776,156064,42312,5176
720575940608801749,165144,30536,4129
720575940608806776,149480,32328,4457
720575940609066030,151960,27672,4153
720575940609097058,152032,25192,4202
720575940609104579,149528,30952,4764
720575940609143672,159576,40008,5277
720575940609153746,171144,32224,4360
720575940609163986,153168,27552,4288
720575940609184210,151368,28128,4575
720575940609190866,148648,29520,4227
720575940609208530,144984,26688,4007
720575940609220291,144912,26232,3924
720575940609371086,163288,43160,5175
720575940609405646,146456,31184,4236
720575940609634571,164776,31600,4723
720575940609651554,170911,31418,4519
720575940609684946,152248,30376,4367
720575940609694818,158456,38824,5245
720575940609871253,147192,32056,4381
720575940609921230,167872,29087,4424
720575940609940373,147776,33256,4454
720575940609941653,147720,24424,3874
720575940609944526,174059,31286,4301
720575940609970801,165480,30176,4557
720575940609979505,167544,30848,4534
720575940609999217,165832,30168,4309
720575940610101210,166736,31400,4415
720575940610137050,149800,29752,4209
720575940610140378,152240,40408,5305
720575940610147826,175409,32628,4357
720575940610167987,158984,42408,5128
720575940610175218,163992,30408,4450
720575940610210034,155856,25112,4160
720575940610336610,165392,30464,4400
720575940610347929,156448,28608,4448
720575940610353381,165104,42208,4933
720575940610358501,163704,31504,4553
720575940610386661,160448,30520,4810
720575940610470130,146984,29960,4271
720575940610505621,150800,25056,4096
720575940610580377,171576,31504,4478
720575940610669786,145600,28504,4129
720575940610676403,157888,43024,5367
720575940610690162,159424,41728,5118
720575940610691507,159768,43944,5165
720575940610773171,171280,28464,4113
720575940610773714,143048,25048,3782
720575940610784179,164176,40648,5121
720575940610793395,152224,27600,4293
720575940610823010,158248,44752,5360
720575940610943897,158336,31312,4818
720575940610944022,150816,37768,5245
720575940610946730,147952,28160,4309
720575940610952089,172656,32680,4541
720575940610963734,145872,27592,4267
720575940610990821,171032,29861,4243
720575940611045700,158272,29856,4703
720575940611098517,155016,43496,5433
720575940611110468,155656,27720,4172
720575940611129571,166736,27648,4085
720575940611204323,158408,41928,5316
720575940611343054,150208,33264,4828
720575940611343218,154912,45888,5096
720575940611453107,147616,28408,4114
720575940611569301,151672,28584,4065
720575940611579541,155016,29232,4758
720575940611586453,162016,29944,4589
720575940611660714,152920,28656,4500
720575940611664281,166304,30136,4236
720575940611686629,148760,29152,4487
720575940611697066,150065,29929,3907
720575940611704813,147392,31264,4367
720575940611748594,163224,38464,5076
720575940611769059,155832,43352,5389
720575940611771029,152072,30304,4061
720575940611802330,160344,42632,5298
720575940611837809,165184,28640,4500
720575940611946482,153960,46024,5242
720575940611960872,144432,25856,3846
720575940611985448,163616,28880,4488
720575940611987240,160016,30536,4662
720575940611988008,160216,30888,4743
720575940612019570,153568,26320,4090
720575940612091601,157507,32041,4899
720575940612151538,163688,26416,4178
720575940612178418,158944,27776,4249
720575940612190693,160464,38624,5009
720575940612240918,161360,41248,5104
720575940612302042,145536,38336,600
720575940612337203,148424,31720,4527
720575940612339810,151144,30312,4562
720575940612362663,151176,25800,4075
720575940612372650,172274,30497,4350
720575940612421290,167808,28208,4061
720575940612435198,156760,44696,5155
720575940612435454,156288,44544,5098
720575940612450730,156872,28056,4060
720575940612490723,151120,28064,4150
720575940612572670,150848,30648,4244
720575940612590754,153520,31176,4257
720575940612606673,155256,38816,5292
720575940612607953,167400,27488,4031
720575940612664482,156448,30704,4680
720575940612668018,150520,27488,4000
720575940612668834,156760,39896,5280
720575940612690338,151832,44144,5252
720575940612706706,165488,30944,4311
720575940612725906,146408,30608,4198
720575940612728466,146584,25840,4045
720575940612740886,157072,28664,4311
720575940612747158,151856,35536,5157
720575940612758934,154752,41984,5389
720575940612763542,153296,29960,4224
720575940612765846,151472,29136,4382
720575940612766102,162632,39704,5156
720575940612767126,154480,42048,5305
720575940612778646,149280,25424,3909
720575940612796786,154872,30064,4149
720575940612846962,146856,26632,3883
720575940612853354,165896,28560,4300
720575940612872173,156472,45144,5335
720575940612896106,169320,30056,4378
720575940612924522,155032,29960,4544
720575940613017059,162168,27088,4321
720575940613041123,148632,27928,3891
720575940613071587,147504,27744,4261
720575940613119459,166464,27216,4216
720575940613156067,166536,32640,4545
720575940613213151,168768,28304,4228
720575940613248479,166544,30400,4549
720575940613258975,155504,25432,4211
720575940613272799,162240,32984,4917
720575940613284063,148528,30472,4349
720575940613353538,169872,33248,4527
720575940613364461,156112,42344,5262
720575940613383633,149544,28232,3890
720575940613386050,161537,27428,4471
720575940613403458,154936,30536,4213
720575940613421890,156392,26536,4431
720575940613434178,154704,28984,4349
720575940613460034,162160,42168,5176
720575940613478422,172682,31881,4480
720575940613501855,161592,30792,4635
720575940613507946,145560,27176,3944
720575940613532831,153448,30696,4694
720575940613540767,164505,27918,4483
720575940613563187,148160,26536,4088
720575940613583001,179416,51040,3014
720575940613593503,161230,30886,4791
720575940613681458,157808,44016,5199
720575940613684906,162012,28280,4436
720575940613690031,161480,44896,5134
720575940613727399,155464,42768,5308
720575940613735948,168528,27720,4184
720575940613737647,161256,44072,5261
720575940613738415,167264,27976,4337
720575940613764364,168200,30976,4457
720575940613773566,150624,32256,4167
720575940613776543,146664,26952,3960
720575940613782796,151352,27328,3948
720575940613799436,150056,27464,4376
720575940613864498,159712,38976,5141
720575940613867682,161288,40240,5112
720575940613929670,164728,28824,4282
720575940613941042,157758,42640,5143
720575940613954769,154688,44072,5283
720575940613977041,150920,33432,4966
720575940613987635,143584,25704,3773
720575940613987730,163208,38392,4975
720575940614010419,158464,29632,4618
720575940614027059,155392,40064,5213
720575940614036019,151840,30160,4151
720575940614115515,159144,29744,4523
720575940614121147,167712,32112,4595
720575940614131131,157136,30144,4376
720575940614132667,154696,29896,4729
720575940614148283,148368,27016,4154
720575940614186602,148664,27960,4245
720575940614199914,160312,40256,5028
720575940614200426,151104,31024,4720
720575940614229159,157712,27024,4173
720575940614229415,153672,42592,5312
720575940614229758,157480,26000,4318
720575940614240766,163120,27664,4236
720575940614251670,166624,31184,4551
720575940614283006,152248,29640,4014
720575940614306814,153784,26008,4167
720575940614313996,149320,30984,4126
720575940614318482,163664,30928,4490
720575940614348394,154104,29920,4812
720575940614428722,147304,27488,4354
720575940614447922,157056,46256,5207
720575940614490018,150344,25264,3965
720575940614524127,151784,30928,4235
720575940614551954,162424,38240,5136
720575940614606738,151368,28400,4377
720575940614614203,153880,43632,5302
720575940614742687,160560,38664,5098
720575940614744991,168352,31288,4534
720575940614772383,168536,30440,4389
720575940614803286,154051,29296,4740
720575940614822506,172992,30736,4332
720575940614845802,149384,28224,4550
720575940614854294,158800,42400,5228
720575940614861974,152216,28952,4345
720575940614862230,152896,30416,4745
720575940614869387,162456,39488,5051
720575940614890902,154104,25328,4155
720575940614899851,156888,43152,5234
720575940614900886,151920,28464,4638
720575940614902667,158616,29072,4562
720575940614925963,173864,32984,4358
720575940614981087,161952,35800,5073
720575940614983274,149704,36704,5069
720575940615019231,154456,26600,3988
720575940615066335,146448,26208,4121
720575940615072373,153432,28168,4353
720575940615101452,145560,28824,3946
720575940615125307,173864,32168,4420
720575940615134918,161104,42984,4974
720575940615136059,147136,28712,4319
720575940615193100,164217,33569,4903
720575940615196063,168923,31182,4576
720575940615255090,167808,30024,4250
720575940615270962,148736,26296,3941
720575940615289759,152864,26016,4043
720575940615344315,152552,29296,4439
720575940615356347,171080,31224,4230
720575940615386324,145328,28424,3815
720575940615401433,158736,44288,5008
720575940615409625,164040,31088,4598
720575940615456985,150184,29920,4466
720575940615465433,146280,30328,4283
720575940615481489,166968,31064,4632
720575940615569723,170032,29592,4237
720575940615571601,148136,25232,3897
720575940615651014,150432,36640,5201
720575940615671494,158224,45512,5355
720575940615696070,164088,30456,4543
720575940615728102,151504,30592,4379
720575940615737531,147808,31568,4697
720575940615768693,148408,25960,4147
720575940615780353,167680,28464,4272
720575940615785228,145568,25016,3944
720575940615798540,156424,28312,4149
720575940615832577,154360,26520,4226
720575940615838662,162269,28759,4606
720575940615876294,155136,27120,4046
720575940615894173,159712,43624,4919
720575940615896989,155648,41544,5218
720575940615897245,167472,31432,4576
720575940615897501,166313,30359,4518
720575940615901597,156512,29760,4535
720575940615931293,144488,27032,3756
720575940615964884,157032,29360,4585
720575940615965140,154760,45008,5421
720575940615974493,143832,24592,3773
720575940615975227,143648,27696,3914
720575940616041913,143968,25688,3936
720575940616044850,161184,42416,5238
720575940616052625,168512,30384,4306
720575940616109398,158584,46288,5196
720575940616189509,162888,29648,4394
720575940616208965,170728,32512,4438
720575940616222438,147120,27024,4297
720575940616306210,153376,41584,5209
720575940616308597,161800,42600,4948
720575940616345403,148848,32440,4754
720575940616350011,169574,30034,4470
720575940616440098,167584,36848,4915
720575940616547648,158432,44664,5112
720575940616547904,156232,29080,4627
720575940616569227,168184,27064,4117
720575940616588683,146696,31440,4317
720575940616589888,164480,31912,4624
720575940616616075,159320,40864,5292
720575940616647990,158576,43616,5188
720575940616672822,156416,30408,4548
720575940616675638,154160,27968,4245
720575940616702262,142448,25976,3510
720575940616746123,158616,40360,5282
720575940616781241,167260,30244,4477
720575940616860318,167658,30168,4559
720575940616878238,158344,44208,5240
720575940616887966,159952,42064,4963
720575940616955229,169408,27864,4015
720575940617021441,149008,33152,4772
720575940617071321,159784,28936,4495
720575940617077405,148384,26968,4326
720575940617090082,166480,29896,4464
720575940617093533,157984,42320,5144
720575940617118016,150264,26016,4029
720575940617201113,149360,28464,4038
720575940617238457,149720,28792,4116
720575940617321243,155544,29416,4686
720575940617386708,151277,26284,4162
720575940617390036,145152,25200,3684
720575940617395412,161736,26992,4197
720575940617427713,167120,35928,4773
720575940617436305,155792,25416,4079
720575940617456798,158048,30248,4626
720575940617478427,155440,43440,5227
720575940617492805,151112,28936,4298
720575940617514726,150960,24448,3952
720575940617516760,150344,28024,4540
720575940617529318,165144,29704,4415
720575940617605154,157944,43856,5378
720575940617612578,156480,29104,4503
720575940617649969,146032,31800,4249
720575940617650481,151936,26288,4054
720575940617650722,174456,32408,4306
720575940617691170,164056,39984,4682
720575940617708747,163128,29992,4513
720575940617727435,154088,29304,4597
720575940617734603,159072,44096,5122
720575940617750173,169688,29744,4304
720575940617766228,152531,28009,4354
720575940617771521,156672,42424,5334
720575940617814429,151856,29112,4226
720575940617855133,143544,23464,3561
720575940617857053,148472,24640,3943
720575940617865280,165080,27320,4089
720575940617866048,162944,35080,5021
720575940617876048,157320,29664,4298
720575940617878080,155264,30416,4700
720575940617893461,155512,29976,4617
720575940617902676,170768,30832,4403
720575940617911360,163944,28920,4565
720575940617924432,161048,43376,5054
720575940617926198,164568,30464,4335
720575940617940048,151112,27072,4156
720575940617940304,158144,26168,4277
720575940617941046,162384,29472,4549
720575940617973021,159032,39744,5207
720575940617982800,147608,27144,4105
720575940618015773,169552,27128,4036
720575940618036509,159464,41744,5217
720575940618131505,147384,24528,3702
720575940618182535,154264,27464,4333
720575940618183559,157600,41032,5310
720575940618190238,143120,26256,3826
720575940618194708,154952,28536,4023
720575940618198721,162112,37640,5040
720575940618203783,165416,33632,4598
720575940618210251,164928,30840,4463
720575940618224709,160064,45048,5221
720575940618226085,152520,42520,5294
720575940618226245,159561,42980,5332
720575940618258742,161558,41918,4922
720575940618266900,158512,29912,4240
720575940618292939,148616,27216,4075
720575940618299712,168944,28584,4048
720575940618306112,149800,25288,3758
720575940618326292,150424,24416,3879
720575940618334145,152456,39576,5318
720575940618337300,155040,29712,4387
720575940618341952,150848,26120,4233
720575940618359745,149808,30184,4384
720575940618394453,158720,46208,5290
720575940618396399,164536,31208,4523
720575940618419776,146720,26072,3958
720575940618436672,167168,27824,4245
720575940618470383,167488,27416,4204
720575940618497216,159564,29302,4466
720575940618506155,157944,43776,4978
720575940618526912,152336,29696,4363
720575940618544367,148216,30528,4464
720575940618544623,170300,30316,4451
720575940618545903,147728,30440,4387
720575940618547280,172976,33436,4573
720575940618548975,151864,30560,4472
720575940618572422,155448,26848,4466
720575940618586459,162800,29304,4472
720575940618592390,154144,38696,5264
720575940618627207,153272,28432,4034
720575940618657334,155584,28536,4175
720575940618662939,144320,28088,4118
720575940618667143,170296,31328,4257
720575940618671495,166544,29928,4168
720575940618691742,149384,29240,3998
720575940618739621,152104,29872,4761
720575940618758178,162752,28512,4507
720575940618770230,148400,29984,3872
720575940618779118,148392,29928,4416
720575940618842929,108240,37480,1400
720575940618844353,147680,27320,3918
720575940618849841,151144,30320,4199
720575940618873723,157016,28224,4257
720575940618876062,163208,29256,4545
720575940618894246,163635,29623,4683
720575940618905766,150056,26688,3832
720575940618980299,152224,39968,5217
720575940618989421,155656,40360,5139
720575940618992449,164856,29448,4190
720575940618992749,167400,31176,4311
720575940619026241,156320,45224,5223
720575940619038061,148032,29152,3822
720575940619041133,147864,29848,4231
720575940619054027,151864,24464,4032
720575940619055969,155744,43432,5076
720575940619060321,153720,42312,5114
720575940619077217,156176,29718,4792
720575940619078592,149168,31880,4675
720575940619090529,150736,33056,4904
720575940619090785,150728,29472,4312
720575940619115845,148728,30984,4202
720575940619147349,147624,32704,4299
720575940619156565,149048,30376,4579
720575940619254448,150256,25680,4126
720575940619259477,151808,26368,3793
720575940619271384,156504,27376,4229
720575940619336942,149368,28968,4546
720575940619358257,147688,28144,3909
720575940619369198,152448,29304,3937
720575940619404214,164752,31120,4346
720575940619404982,165640,32888,4579
720575940619412596,147216,31496,4251
720575940619414132,151040,31128,4569
720575940619430326,158760,43536,4981
720575940619434887,155640,45824,5243
720575940619435399,156512,43808,5082
720575940619444139,152923,44833,5460
720575940619487414,169064,32744,4589
720575940619509744,158672,43592,5068
720575940619516144,157592,44672,5140
720575940619519909,151768,26800,3876
720575940619535563,164480,39928,5086
720575940619556437,165896,36848,4848
720575940619587009,176401,32784,4344
720575940619630207,146648,32064,4192
720575940619651019,163080,26224,4236
720575940619651920,148704,62720,5243
720575940619652555,157856,29499,4716
720575940619658433,157624,28008,4346
720575940619665023,157440,44792,5225
720575940619668212,156624,31224,4794
720575940619682625,153944,41024,5361
720575940619684688,169251,31994,4627
720575940619693003,163944,32552,4586
720575940619695553,168400,34248,4696
720575940619695809,171176,30496,4319
720575940619713200,165504,32096,4411
720575940619722576,151936,32816,4033
720575940619723088,161864,30600,4766
720575940619731392,164248,29504,4488
720575940619742656,157624,42848,5042
720575940619744960,150712,27616,4087
720575940619769008,164608,38216,4921
720575940619778645,159154,44942,5136
720575940619781620,152264,26104,4384
720575940619802539,150192,28848,4265
720575940619808756,151504,28536,4198
720575940619834965,159592,27312,4342
720575940619842580,159832,42632,5170
720575940619863174,164456,41512,4952
720575940619864912,155008,40256,5277
720575940619876702,167533,34323,4824
720575940619896581,157304,27016,4246
720575940619897734,155664,26248,4396
720575940619937718,168240,32720,4633
720575940619938998,175991,33087,4389
720575940619960926,147168,24768,3933
720575940619967879,162496,31344,4493
720575940619974689,152224,43160,5409
720575940619977566,147192,30824,4232
720575940620020257,145608,26064,4069
720575940620020769,144824,27592,3974
720575940620036385,153736,26432,4444
720575940620039589,156464,27656,4571
720575940620039956,145464,25536,3859
720575940620042375,149512,37016,5183
720575940620051580,153656,42376,5402
720575940620055790,152752,30256,4132
720575940620058236,167496,30512,4418
720575940620073606,150920,31736,4098
720575940620079856,150352,28784,4527
720575940620109191,147552,30920,4541
720575940620124028,149472,27880,3971
720575940620126076,153408,27648,4065
720575940620143525,150160,34232,5049
720575940620153876,157968,27384,4404
720575940620172397,157144,44384,5062
720575940620176237,162120,31552,4757
720575940620179821,153760,30640,4835
720575940620187305,161216,43024,5147
720575940620210857,161232,28192,4401
720575940620211622,147888,30920,4295
720575940620223398,148096,26584,3845
720575940620230497,144024,25144,3836
720575940620235968,150128,33464,4993
720575940620272064,153640,39352,5288
720575940620276801,153296,27440,4393
720575940620303040,150800,32632,4828
720575940620310625,154864,29496,4074
720575940620333958,151320,29440,4127
720575940620344837,164104,40824,4942
720575940620351838,162712,26296,4328
720575940620354849,161656,43832,5089
720575940620355009,170728,32240,4580
720575940620356800,150087,31624,4625
720575940620403649,157480,44808,5345
720575940620410606,158408,26657,4128
720575940620413355,148880,25672,3980
720575940620418774,153640,40912,5282
720575940620422494,167504,32432,4697
720575940620424641,151024,26064,3776
720575940620434671,151648,29560,4278
720575940620460108,160881,30709,4786
720575940620464204,148112,32600,4530
720575940620465996,151024,30936,4310
720575940620469742,143248,28144,3825
720575940620474582,159640,43192,5001
720575940620495830,158872,41304,5200
720575940620520513,155896,41336,5314
720575940620521754,151968,25784,3979
720575940620537071,147096,29656,4073
720575940620572125,149344,29184,4181
720575940620577652,156080,30216,4356
720575940620578269,151784,31176,4648
720575940620600700,158336,28584,4204
720575940620603245,159064,26864,4290
720575940620608238,160640,29064,4530
720575940620649084,157680,40272,5278
720575940620685436,163112,31536,4636
720575940620700769,174028,30513,4161
720575940620713129,171880,33960,4661
720575940620741485,162160,26264,4195
720575940620746093,154464,28288,4321
720575940620811073,149968,29920,4032
720575940620813478,157128,29504,4195
720575940620816961,165064,30448,4267
720575940620822593,158040,26408,4139
720575940620827713,159480,36288,5118
720575940620828912,151192,27976,4000
720575940620831949,162696,42576,4938
720575940620880333,152568,28296,4397
720575940620892877,149112,28944,4406
720575940620904780,160514,33081,4962
720575940620923980,155784,39640,5291
720575940620931750,157280,30392,4685
720575940620932684,153704,27024,4132
720575940620955149,157080,44008,5251
720575940620956173,161752,41776,4966
720575940620959256,168952,34832,4728
720575940620973848,152600,40784,5168
720575940620996621,153576,44488,5293
720575940620998424,160232,43560,5224
720575940621005044,151600,29136,4692
720575940621010804,150328,27864,3941
720575940621019457,157056,27304,4407
720575940621023297,147888,23616,3676
720575940621023809,154720,28144,4174
720575940621071203,157400,28352,4002
720575940621073117,158440,27400,4203
720575940621087408,170400,30320,4165
720575940621090659,147912,31440,4592
720575940621094527,142672,26336,3749
720575940621121140,168352,28464,4387
720575940621129181,148168,26008,4015
720575940621146294,155320,29304,4153
720575940621162416,161568,33580,4960
720575940621163636,147944,27896,4434
720575940621174192,147728,28984,4188
720575940621175472,153192,35920,5166
720575940621176670,165608,30056,4483
720575940621178206,154472,43248,5015
720575940621189637,157176,30024,4603
720575940621203376,158624,30240,4533
720575940621225910,153536,41664,5326
720575940621228894,148096,28952,4270
720575940621250486,149688,26072,4265
720575940621288225,143896,26976,3979
720575940621290017,152408,27208,3927
720575940621296639,146728,28080,4277
720575940621321001,149848,29360,4418
720575940621321412,165984,27392,4109
720575940621322534,162512,36776,5053
720575940621351876,168344,30435,4508
720575940621359142,150528,30696,4487
720575940621376196,152658,27198,4502
720575940621382852,149752,29520,4570
720575940621389764,149328,27576,4231
720575940621391636,162976,29896,4600
720575940621413158,162072,38888,5152
720575940621413670,160504,41456,5134
720575940621413926,159768,40680,5205
720575940621415885,157888,43320,5101
720575940621460645,153696,40360,5202
720575940621475085,153424,27568,4533
720575940621491696,148776,30448,4725
720575940621504269,152840,39640,5110
720575940621507475,166680,30528,4391
720575940621518218,166832,29648,4564
720575940621529980,153360,29680,4122
720575940621538431,170192,29400,4164
720575940621541514,158232,27064,4300
720575940621554815,156696,28992,4152
720575940621561226,169112,31088,4506
720575940621567472,150064,28160,4356
720575940621590250,147752,31864,4294
720575940621594723,165696,41544,5062
720575940621606755,154768,26088,4176
720575940621688926,150856,27848,4388
720575940621700190,149424,32296,4551
720575940621762330,172288,31648,4247
720575940621770010,152856,25624,4219
720575940621786295,154416,41872,5152
720575940621786807,152752,42264,5082
720575940621802751,153224,32872,5004
720575940621829813,157865,43547,4946
720575940621832542,171968,30672,4159
720575940621837601,148560,29800,4305
720575940621839086,167696,31520,4684
720575940621861637,149744,40464,628
720575940621863006,163304,42192,5180
720575940621878021,147560,25712,3951
720575940621882401,166736,30456,4297
720575940621885191,157758,30660,4822
720575940621892122,147048,25136,3755
720575940621892829,163032,43960,5189
720575940621913897,150664,26704,3968
720575940621919428,146592,27440,3870
720575940621920452,148128,28640,4368
720575940621922398,150144,29168,4045
720575940621924103,150928,24520,4037
720575940621924615,146688,30072,4368
720575940621925417,156008,39136,5224
720575940621947486,152047,30425,4811
720575940621948810,151160,29664,4201
720575940621951453,147440,28560,4444
720575940621983777,164976,32432,4472
720575940621987255,144288,29056,3980
720575940622003316,154184,27192,4425
720575940622005025,167592,30456,4333
720575940622061803,154984,42288,5091
720575940622075274,155224,27096,4241
720575940622102763,150104,28936,4346
720575940622103275,147192,32504,4230
720575940622112636,158144,28544,4517
720575940622116428,171896,29824,4310
720575940622133206,152512,29560,4622
720575940622135501,152096,25928,4134
720575940622145277,171248,30634,4457
720575940622204157,144536,25920,4013
720575940622204669,153080,29520,4501
720575940622216009,156704,26624,4312
720575940622217033,152304,28536,4555
720575940622222921,147128,30616,4320
720575940622249949,158024,40728,5025
720575940622263510,163752,28136,4054
720575940622276365,160320,31784,4833
720575940622288152,155088,45432,5215
720575940622294808,160528,30280,4227
720575940622305304,142752,28208,3896
720575940622335112,164928,31328,4610
720575940622350472,173394,30495,4199
720575940622387677,150936,28744,4017
720575940622398728,154112,42976,5094
720575940622402311,158304,42160,4987
720575940622412838,151000,27768,4248
720575940622428087,148480,29872,4132
720575940622462472,154592,28424,4430
720575940622538461,157896,38912,5185
720575940622542517,159696,44904,4961
720575940622558941,160680,28728,4656
720575940622565887,148584,28400,4446
720575940622595827,151016,30184,4465
720575940622633203,164752,32536,4750
720575940622637548,165584,31312,4410
720575940622637804,158540,30111,4791
720575940622641132,165264,30784,4638
720575940622670835,155352,44552,5208
720575940622671613,154728,30008,4647
720575940622673703,160616,42928,5212
720575940622698825,152096,25392,4050
720575940622727572,158456,42952,5163
720575940622732493,159976,35584,5102
720575940622737812,162160,41072,5096
720575940622768397,144776,25336,3943
720575940622781389,155400,29464,4311
720575940622784611,149280,25408,4088
720575940622803850,145472,31648,4189
720575940622815684,152872,39040,5296
720575940622816234,158054,28121,4421
720575940622820586,151480,32984,4869
720575940622821325,149960,31424,4657
720575940622836455,154936,26400,4316
720575940622844003,156480,45784,5078
720575940622857447,155400,31248,4871
720575940622861971,162456,30840,4588
720575940622864920,151608,27808,4074
720575940622888205,153664,28712,4546
720575940622930957,142920,24264,3658
720575940622932809,158072,43984,5119
720575940622938637,147448,29288,4291
720575940622948872,151768,26592,3972
720575940622965944,154608,43984,5369
720575940622976973,164024,30120,4266
720575940622979475,158640,26600,4200
720575940622981902,159312,27232,4203
720575940623014328,162568,42760,5017
720575940623015694,152160,39144,5250
720575940623016644,156376,36424,5180
720575940623023544,155960,29224,4424
720575940623030015,152264,29624,4102
720575940623032970,152120,26648,4321
720575940623129087,166952,31912,4518
720575940623136499,153616,30352,4613
720575940623165737,153664,38208,5201
720575940623166471,158288,29352,4493
720575940623191334,149176,25304,3819
720575940623203012,152312,28224,4194
720575940623244180,151368,30984,4835
720575940623252164,145872,25880,3924
720575940623351443,147272,25168,3838
720575940623353013,164000,27488,4277
720575940623356493,149112,29616,4368
720575940623358645,143260,27136,3723
720575940623369412,153904,27872,4436
720575940623369668,152112,27336,4012
720575940623377555,146704,24344,3844
720575940623400445,152040,27712,4540
720575940623438665,159328,28672,4213
720575940623441387,150968,30256,4695
720575940623521806,169512,31072,4204
720575940623546638,149240,24912,3680
720575940623554748,170056,31552,4600
720575940623582904,147672,31816,4490
720575940623691920,157932,28578,4693
720575940623756215,146888,27104,4153
720575940623776437,158376,32768,4969
720575940623878327,163968,39232,5098
720575940623888461,165800,38392,4994
720575940623914679,168712,29624,4296
720575940623943572,163128,30608,4548
720575940623947500,150920,29128,4577
720575940623964820,161883,28242,4565
720575940623965513,160736,44544,5193
720575940623971819,157136,26256,4388
720575940623973961,154072,26680,4355
720575940623977545,151024,35024,5000
720575940623978789,165592,40600,4978
720575940623986469,162160,40248,5088
720575940623991333,147432,29864,4445
720575940624014077,164615,30084,4674
720575940624054675,171960,32128,4522
720575940624060208,146368,33040,4230
720575940624086251,171912,30752,4424
720575940624107706,154952,43744,5080
720575940624107755,149384,25848,4154
720575940624112058,157048,43096,5137
720575940624114494,157304,40408,5089
720575940624125114,153736,27504,4205
720575940624125626,161552,30542,4726
720575940624149256,146704,28384,3990
720575940624158650,149264,31904,4284
720575940624158906,147584,28136,4009
720575940624159376,172778,29304,4116
720575940624195559,152672,26616,4148
720575940624232974,164536,30184,4611
720575940624271716,145960,28448,4039
720575940624294072,153584,39296,5166
720575940624296376,150336,27896,4458
720575940624302008,154478,32569,5024
720575940624327196,166192,31672,4358
720575940624392220,149056,32944,4493
720575940624396524,158640,41152,5005
720575940624402173,128144,23056,3021
720575940624426533,152848,30224,4653
720575940624453868,149416,24592,3917
720575940624465900,154632,31056,4376
720575940624492802,152896,28712,4637
720575940624494996,147136,29048,3952
720575940624516339,144208,25128,3712
720575940624563075,168496,27936,4001
720575940624572052,148696,28768,4227
720575940624574922,171624,33112,4479
720575940624577613,145904,23896,3666
720575940624584835,158032,45344,5104
720575940624593132,152000,30000,4572
720575940624596355,161584,28816,4334
720575940624597788,149256,29704,3913
720575940624599939,158766,28781,4460
720575940624601236,166744,28792,4310
720575940624601731,165824,30984,4525
720575940624609101,162320,38632,5056
720575940624626563,160289,36476,5049
720575940624629948,144096,28256,4028
720575940624637884,147312,31440,3952
720575940624638396,147448,26144,3678
720575940624642492,168656,28072,4324
720575940624644739,147672,31160,4455
720575940624647299,151160,29136,4486
720575940624648067,150272,28440,4213
720575940624660313,149375,26681,4297
720575940624663427,148359,26701,4342
720575940624676414,169656,28064,4177
720575940624693287,144376,29120,3806
720575940624704002,149648,31488,4514
720575940624711655,150752,29416,3969
720575940624754983,146824,32296,4302
720575940624800188,153544,25520,4276
720575940624834968,156624,30264,4761
720575940624852120,159527,42190,5016
720575940624859032,154080,44648,5362
720575940624989214,151088,35296,5133
720575940624994941,155504,28368,4292
720575940625002526,153336,25304,4038
720575940625015070,158936,28576,4485
720575940625023869,162648,31040,4690
720575940625024125,166304,30960,4341
720575940625054589,160624,34616,5051
720575940625058173,152344,31116,4845
720575940625126448,169881,30990,4561
720575940625158437,148264,29864,4516
720575940625163139,152520,37184,5135
720575940625171289,153808,26216,4297
720575940625223690,165400,29400,4341
720575940625235033,155824,45304,5152
720575940625261834,147288,26544,4027
720575940625264659,167032,29736,4408
720575940625290003,166024,32360,4494
720575940625300254,154864,36376,5189
720575940625317139,157216,45920,5114
720575940625318163,152184,26024,4227
720575940625323326,152528,32840,4928
720575940625328915,152016,30256,4695
720575940625329029,160952,42584,5090
720575940625343640,174696,31552,4219
720575940625354904,149880,26400,3908
720575940625376841,153888,41672,5401
720575940625377688,158617,30608,4806
720575940625399077,159617,30048,4732
720575940625419495,108248,53008,1733
720575940625451920,169088,35880,4745
720575940625476964,156000,29336,4251
720575940625482084,150891,28863,4068
720575940625497488,169568,27608,4109
720575940625499153,168440,31872,4666
720575940625500304,155026,27844,4393
720575940625506704,154048,41904,5241
720575940625507888,154408,44712,5215
720575940625508400,159424,28936,4556
720575940625560189,150584,34920,5082
720575940625561374,149032,26800,3886
720575940625564816,151256,25144,4007
720575940625570334,153400,26488,4209
720575940625584688,155339,29986,4769
720575940625600048,160240,41096,5249
720575940625625136,155683,26543,4467
720575940625642340,167600,31512,4187
720575940625646876,145888,28632,4387
720575940625665564,149920,30584,4264
720575940625667365,168624,29542,4472
720575940625690140,163680,38557,4955
720575940625691669,159656,42784,5088
720575940625692816,175434,32349,4275
720575940625702949,157096,41920,5089
720575940625720341,151240,30016,4765
720575940625724072,162696,28896,4146
720575940625732496,152080,38408,5270
720575940625740169,149216,26776,4134
720575940625741455,165632,34968,4942
720575940625762447,157256,45112,5072
720575940625768073,148312,32520,4275
720575940625781541,148816,27288,3956
720575940625800741,155640,29504,4040
720575940625807108,166048,30840,4450
720575940625834900,159888,41048,5117
720575940625837060,146856,28904,4139
720575940625843075,154388,32893,5003
720575940625864964,175728,31696,4253
720575940625901002,161440,28728,4217
720575940625937797,154752,28632,4223
720575940625939801,153376,40024,5337
720575940625940456,171688,32000,4279
720575940625942458,161696,39680,5004
720575940625942590,144960,27448,4202
720575940625969640,158848,44928,4938
720575940625995251,157544,43640,5313
720575940626002494,155480,43832,5320
720575940626043454,174608,32728,4406
720575940626044924,150192,39568,5141
720575940626086244,157296,38152,5175
720575940626089980,150056,29680,4133
720575940626090340,159381,27155,4478
720575940626124743,147168,27744,4095
720575940626194716,171294,29462,4137
720575940626212625,151600,26504,4232
720575940626225173,160928,25728,4307
720575940626226690,173553,31324,4344
720575940626251778,172256,31816,4433
720575940626252273,163400,31840,4826
720575940626253318,163860,30557,4730
720575940626274822,159248,31032,4775
720575940626277382,147448,33040,4366
720575940626294090,163120,28432,4580
720575940626305028,147504,25824,4099
720575940626305679,150168,25632,4217
720575940626313546,161672,37704,5132
720575940626321482,148680,36608,4790
720575940626326952,157256,43792,5131
720575940626331978,149704,30104,4618
720575940626343665,168984,31720,4375
720575940626353905,160256,44928,5024
720575940626362696,168600,29432,4407
720575940626363791,162576,44424,5100
720575940626403400,157472,39352,5287
720575940626464901,145752,30552,4131
720575940626474889,155048,44696,5131
720575940626496275,163488,42080,4936
720575940626510211,159856,34800,5054
720575940626526218,154928,43232,5172
720575940626536714,149376,27496,3859
720575940626550504,155928,26120,4141
720575940626560857,153944,28616,4632
720575940626621498,156656,28664,4574
720575940626622480,168056,29984,4450
720575940626640158,159242,27898,4577
720575940626646544,160584,42168,5179
720575940626651288,152864,42344,5176
720575940626655321,148936,30872,4520
720575940626657808,160632,26384,4375
720575940626663440,149776,30336,4526
720575940626668304,163368,42888,4979
720575940626676120,159320,31568,4901
720575940626694479,148800,28848,4326
720575940626700889,152384,26864,3816
720575940626729515,163016,37480,5013
720575940626733693,155080,27712,4278
720575940626742866,168248,31680,4417
720575940626792209,164304,38544,5088
720575940626792778,152200,29296,4532
720575940626794027,158344,45512,5268
720575940626803279,155960,28968,4079
720575940626820395,158040,27872,4285
720575940626825853,150848,35928,5169
720575940626828574,149152,29072,4628
720575940626834762,146552,27584,4024
720575940626855171,152960,40376,5255
720575940626864414,143888,24216,3705
720575940626874097,169848,28544,4071
720575940626896643,164848,29768,4260
720575940626901278,163504,26664,4303
720575940626904561,150296,26768,4286
720575940626906142,155224,25656,4352
720575940626911262,147656,33744,4337
720575940626919409,166480,27520,4284
720575940626930947,148352,29104,4132
720575940626937347,155856,30240,4195
720575940626975899,154648,42552,5165
720575940626991771,151152,30288,4098
720575940627003547,153168,42200,5257
720575940627016859,162096,29736,4451
720575940627018383,160536,39952,5237
720575940627020933,159044,33368,5058
720575940627021128,157240,28776,4632
720575940627043666,160344,43008,5044
720575940627069203,155096,28190,4491
720575940627081994,167328,34464,4744
720575940627082261,146184,27240,4221
720575940627085578,159152,44824,5333
720575940627089930,167352,29176,4369
720575940627094917,145584,27872,4176
720575940627097361,157872,39400,5090
720575940627097733,156248,28864,4219
720575940627147578,165922,29354,4211
720575940627150090,147048,31856,4027
720575940627155589,142920,27376,3782
720575940627157008,158408,39608,5274
720575940627158098,157536,25368,4198
720575940627165010,148728,25728,3770
720575940627185767,164896,31880,4548
720575940627194426,148272,35872,4810
720575940627205386,148576,26720,4015
720575940627210373,153960,44632,5153
720575940627230986,157808,45800,5186
720575940627243623,165576,31592,4694
720575940627244699,158464,42912,4955
720575940627245701,155848,26408,4276
720575940627263162,149416,30912,4411
720575940627264082,153968,29280,4186
720575940627292218,157101,29684,4792
720575940627295802,161928,26064,4276
720575940627307855,153336,29024,4701
720575940627332100,167440,32792,4562
720575940627426837,153088,30104,4055
720575940627493141,160016,39448,5213
720575940627550214,159112,28088,4307
720575940627552168,163704,27912,4341
720575940627552680,156576,41608,5216
720575940627553691,151904,26896,4114
720575940627568646,145608,24576,3806
720575940627573659,166428,27879,4348
720575940627576488,156120,44256,5246
720575940627585028,156600,26712,4196
720575940627587078,158416,28248,4601
720575940627595848,150376,28992,4646
720575940627615400,164712,29928,4512
720575940627621626,153520,29568,4656
720575940627626244,154736,26304,4424
720575940627630154,154952,29400,4597
720575940627687940,169392,28848,4157
720575940627700484,157552,26872,4341
720575940627709948,150688,27192,4445
720575940627741562,158704,45048,5022
720575940627768567,153896,41592,5096
720575940627775938,163568,42104,5029
720575940627776450,168024,29832,4361
720575940627778564,151024,26456,4352
720575940627782148,153256,29792,4579
720575940627834359,152680,27864,3899
720575940627849463,152864,30576,4450
720575940627851008,156304,25848,4352
720575940627854568,151560,29216,4030
720575940627908624,149584,30920,4617
720575940627920071,173328,33440,4404
720575940627924935,154952,41168,5337
720575940627986220,165776,31400,4584
720575940627987756,163333,29085,4654
720575940628002822,173304,29968,4140
720575940628012332,171216,32080,4534
720575940628045318,154752,41376,5248
720575940628054839,151976,28736,4475
720575940628056375,149856,29640,4323
720575940628060166,155752,29312,4557
720575940628060983,148672,26288,4280
720575940628071409,149480,28096,3802
720575940628103806,160168,43280,5131
720575940628121287,149376,29400,4081
720575940628138246,153016,25712,4117
720575940628152838,148904,31544,4241
720575940628175363,169677,36088,4793
720575940628188732,173197,31767,4451
720575940628201259,165256,31328,4154
720575940628209212,157232,44376,4931
720575940628225852,154016,30272,4162
720575940628239671,150160,30936,4562
720575940628257914,164720,27952,4300
720575940628269391,168656,27480,4066
720575940628269628,159032,44672,5252
720575940628291407,162328,30320,4504
720575940628297627,158696,44096,5346
720575940628309186,160824,40896,5056
720575940628312049,159264,45664,5239
720575940628331625,151064,26008,3984
720575940628353244,161232,30224,4309
720575940628359895,158540,33583,4999
720575940628365783,161297,29980,4667
720575940628367836,165567,27108,4156
720575940628375255,152672,44944,4994
720575940628398295,143992,25960,3649
720575940628404188,159376,25704,4219
720575940628408055,160160,30512,4310
720575940628471392,153640,28480,4157
720575940628476716,157320,45480,5281
720575940628506732,168960,30384,4465
720575940628514156,157168,25920,4236
720575940628519020,158800,41864,5064
720575940628531308,149216,31632,4432
720575940628533356,154104,25872,4375
720575940628538679,165272,41376,4993
720575940628574715,159560,43648,5068
720575940628590595,158392,27416,4105
720575940628608272,152752,43888,5258
720575940628610811,152608,27984,4016
720575940628612112,162120,43592,5239
720575940628640079,157976,44640,5043
720575940628651792,152760,26808,4049
720575940628687259,151000,34240,5063
720575940628689963,160760,43816,5123
720575940628694991,165345,28096,4463
720575940628695414,161195,32533,4910
720575940628711631,171144,33728,4542
720575940628724284,151744,27176,4488
720575940628725455,156824,26824,4110
720575940628761039,145800,29440,4094
720575940628773113,164320,42176,4978
720575940628787962,153168,29344,4373
720575940628788496,165736,28888,4146
720575940628800762,155672,28328,4081
720575940628807503,143544,29128,3904
720575940628826873,160464,44424,5303
720575940628830551,166168,31200,4653
720575940628842839,165016,30760,4560
720575940628885591,150728,29664,4063
720575940628895831,146032,31976,4132
720575940628999579,150688,31392,4845
720575940629010331,150144,27552,4277
720575940629022875,148864,27680,4150
720575940629036997,166912,30760,4197
720575940629079707,158176,31552,4893
720575940629088450,145784,30216,3939
720575940629133056,152688,30320,4545
720575940629140071,167184,29824,4296
720575940629162693,148264,27520,4375
720575940629164283,169949,28341,4211
720575940629166587,152072,40704,5105
720575940629201423,157992,44616,4933
720575940629202167,163832,32376,4764
720575940629211666,159232,42392,4931
720575940629222759,151232,28352,4278
720575940629233145,159312,41816,5307
720575940629236242,159664,34088,5032
720575940629240079,150756,30064,4369
720575940629259638,161248,43184,5268
720575940629260406,170180,28950,4315
720575940629270060,168368,29104,4242
720575940629271596,142032,24368,3636
720575940629294636,146016,27840,3791
720575940629319106,151056,25288,4175
720575940629328591,157752,27856,4206
720575940629332606,151136,28352,3862
720575940629335115,145968,32552,4187
720575940629347791,162284,27452,4390
720575940629365804,149232,30048,4250
720575940629388239,168192,31108,4598
720575940629397079,155072,27808,4104
720575940629417728,159689,31105,4829
720575940629450106,146792,31504,4590
720575940629474090,153064,29112,4577
720575940629477674,147296,30888,4147
720575940629485354,153656,28600,4435
720575940629500542,160016,44184,5039
720575940629502506,155888,46592,5250
720575940629504554,154144,43096,5369
720575940629507450,159320,38224,5220
720575940629507706,150064,25168,4051
720575940629522474,163424,30464,4635
720575940629532098,160928,39384,5195
720575940629536894,159944,28392,4114
720575940629541187,173567,33317,4521
720575940629563006,160469,27880,4537
720575940629625466,156328,29792,4614
720575940629633150,146536,26992,3755
720575940629638211,153360,25112,4193
720575940629671491,146200,24704,3900
720575940629693239,153016,44472,5136
720575940629725711,156635,27824,4594
720575940629730263,153418,30836,4123
720575940629733314,149840,32864,4755
720575940629765647,158656,45792,5127
720575940629782091,150032,28000,4155
720575940629788983,171240,30440,4218
720575940629792620,147944,28296,4193
720575940629804857,148016,32024,4379
720575940629814060,155592,26600,4088
720575940629823563,153448,28024,3958
720575940629834796,155600,42912,5141
720575940629854764,148376,31816,4149
720575940629855340,149752,29504,4677
720575940629863737,148272,27856,4089
720575940629895484,145032,24840,3868
720575940629897260,142112,26904,3675
720575940629917482,155832,44736,5301
720575940629921398,162112,39064,4975
720575940629922166,148056,32936,4770
720575940629928439,173528,41208,1879
720575940629942844,166856,28400,4069
720575940629951292,148800,34024,4936
720575940629973753,152864,26848,4356
720575940629978666,152320,30888,4124
720575940629997561,166200,31592,4480
720575940630025788,164152,28568,4447
720575940630026600,157400,31912,4876
720575940630026856,153104,39688,5208
720575940630038156,146456,28176,4092
720575940630039547,141312,25568,3675
720575940630047080,150776,25880,3854
720575940630067255,158496,45160,5201
720575940630067816,157176,41024,5212
720575940630114108,153152,29344,4034
720575940630139599,146672,25568,3896
720575940630146135,165432,36272,4883
720575940630159939,167960,27996,4231
720575940630180935,150152,31304,4289
720575940630219055,156904,30448,4274
720575940630222895,174752,30800,4173
720575940630228271,153536,26960,4502
720575940630250543,148088,29360,4355
720575940630265952,149320,29664,4480
720575940630269660,167752,30864,4257
720575940630300613,164272,26600,4260
720575940630331244,149576,27048,4204
720575940630332753,148640,27080,4228
720575940630351903,169600,33928,4658
720575940630385403,156864,27464,4319
720575940630399995,150016,30504,4188
720575940630411259,146944,27528,4209
720575940630411535,156232,27576,4062
720575940630413087,153352,26808,4288
720575940630414700,150176,36168,4983
720575940630415268,155608,44216,5076
720575940630419364,164721,29821,4538
720575940630425119,146856,28160,4380
720575940630430495,154984,44856,5321
720575940630436603,148032,28800,3976
720575940630443791,166024,29616,4590
720575940630450852,156776,44584,5293
720575940630452388,148760,31472,4603
720575940630456996,149312,31584,4177
720575940630475513,162888,39392,4957
720575940630525967,150160,26960,4040
720575940630537676,168968,31160,4419
720575940630547916,160088,29760,4660
720575940630555340,154520,28792,4571
720575940630561484,151768,26608,4439
720575940630571980,154352,27104,4264
720575940630573260,153872,37760,5266
720575940630592460,148120,33256,4584
720575940630612620,157384,41808,5227
720575940630613835,169688,31552,4458
720575940630651223,142560,26040,3893
720575940630671890,163144,31176,4778
720575940630687827,148264,32816,4371
720575940630722757,150600,27384,4200
720575940630733137,148472,25672,3682
720575940630764741,165208,32120,4668
720575940630775891,149160,25008,4005
720575940630780755,148416,31424,4453
720575940630868525,163568,39840,5132
720575940630878253,161120,32184,4852
720575940630879533,154552,30080,4452
720575940630881989,164664,32560,4548
720575940630906029,159184,43120,4934
720575940630917293,153856,27984,4588
720575940630923693,152464,29240,4706
720575940630947395,157565,32586,4991
720575940630949187,164824,28880,4566
720575940630969555,166389,32354,4470
720575940631002386,148121,30125,4023
720575940631017932,154408,25560,4303
720575940631019468,154280,42832,5231
720575940631024911,141120,24952,3457
720575940631035154,151960,37616,5222
720575940631054540,155624,41784,5138
720575940631062603,155344,27440,4555
720575940631088402,155352,28800,4618
720575940631143383,148944,28608,3944
720575940631177035,160464,43736,4992
720575940631216682,162424,41848,4920
720575940631237433,164824,26568,4193
720575940631284012,164396,29305,4604
720575940631336930,159656,26392,4352
720575940631351619,167544,28936,4181
720575940631387463,165248,28496,4226
720575940631388231,147592,25944,3860
720575940631399978,165600,27504,4297
720575940631408199,156672,29472,4689
720575940631408610,155264,41072,5150
720575940631425235,160608,37280,5112
720575940631432403,145488,25528,4007
720575940631447363,149048,27168,4401
720575940631453763,140520,24416,3422
720575940631453922,165992,29984,4398
720575940631458371,165712,29184,4440
720575940631485251,160424,43504,5303
720575940631498819,164136,39912,4998
720575940631502509,148480,27912,4000
720575940631531055,144136,26744,4062
720575940631549743,149368,30200,4096
720575940631553164,159184,43272,5141
720575940631573039,156040,30032,4694
720575940631575599,166800,31656,4306
720575940631589689,152032,43392,5234
720575940631603267,166752,27016,4144
720575940631620921,164840,27000,4321
720575940631624673,158604,28893,4658
720575940631630561,167688,31544,4489
720575940631661281,156184,29688,4140
720575940631678689,156160,29816,4464
720575940631694137,152664,27400,4106
720575940631754527,172152,29736,4241
720575940631756136,162384,40176,4958
720575940631758393,165536,40584,4819
720575940631759161,145952,29768,4223
720575940631764281,151592,30520,4631
720575940631775032,143832,27584,4037
720575940631782447,154616,26784,4110
720575940631782712,148616,25888,3872
720575940631827527,150376,28144,4058
720575940631835673,159216,41600,4989
720575940631842956,152000,28456,3899
720575940631875097,158320,42752,5058
720575940631879193,149712,26688,4339
720575940631880217,147880,27632,4177
720575940631967575,150336,34032,4862
720575940631975379,146864,28248,4176
720575940631998023,165480,29368,4531
720575940632019247,160336,38752,5191
720575940632068383,160656,41560,4968
720575940632078929,161504,36368,5017
720575940632098375,161328,41920,5145
720575940632111780,143352,28912,3817
720575940632135249,154472,26136,4041
720575940632144813,155056,29248,4240
720575940632164269,164648,32832,4649
720575940632169007,162326,31218,4810
720575940632197935,145088,30352,3882
720575940632210145,155480,26632,4189
720575940632229788,142440,25680,3803
720575940632233628,148272,30712,4589
720575940632353499,149296,30408,4319
720575940632358564,143904,26616,3688
720575940632366623,159088,43768,5255
720575940632371040,159304,45552,5350
720575940632371737,148264,25056,3704
720575940632388138,153648,26816,4016
720575940632434340,146760,27488,3690
720575940632437331,149872,27184,3938
720575940632465945,152680,30816,4268
720575940632473440,155192,28856,4526
720575940632481363,158424,41160,5292
720575940632528671,172728,31744,4349
720575940632558675,163032,40232,5080
720575940632582807,167272,32568,4486
720575940632583831,170096,31016,4356
720575940632584787,156672,28104,4382
720575940632585043,151704,36024,5093
720575940632617164,152048,33744,4902
720575940632652077,165624,27608,4381
720575940632676409,150736,29720,4626
720575940632718291,159176,30440,4708
720575940632725459,155496,41880,5337
720575940632735021,161808,36816,5117
720575940632804543,171701,29845,4361
720575940632835810,171736,31680,4369
720575940632848045,152352,42952,5174
720575940632927405,147296,29280,4538
720575940632929178,173401,32561,4485
720575940632929690,146352,30768,4357
720575940632930458,169168,30848,4346
720575940632932506,168296,31080,4355
720575940632932762,166464,32024,4681
720575940632940442,165244,29814,4641
720575940632951266,164528,31680,4401
720575940632964269,151288,29720,4528
720575940633004383,164248,29848,4384
720575940633034336,169304,28640,4304
720575940633040223,146088,29096,4179
720575940633043295,146976,28816,4228
720575940633073760,168056,32232,4507
720575940633074015,158999,31161,4872
720575940633075163,148880,29712,4566
720575940633093483,157528,31304,4769
720575940633103059,150320,31240,4179
720575940633123609,166544,34192,4852
720575940633140887,150728,29472,4712
720575940633146007,151848,29984,3943
720575940633146475,160496,40456,5147
720575940633186771,172896,29664,4213
720575940633207962,152208,32152,4115
720575940633215339,159848,44264,5234
720575940633224555,147344,27768,3836
720575940633226603,155992,40624,5249
720575940633243755,159328,44584,5054
720575940633300927,155680,40448,5322
720575940633301183,170184,29448,4391
720575940633312482,146720,29552,4221
720575940633402082,154480,28984,4121
720575940633466524,153024,27832,4163
720575940633509471,170248,31968,4516
720575940633516980,163784,29728,4577
720575940633521588,159280,42488,5038
720575940633551028,155064,27048,4361
720575940633551540,149448,28368,4222
720575940633552820,151215,27162,4036
720575940633560545,151608,27728,3885
720575940633565154,155840,42496,5379
720575940633569784,154424,26744,4507
720575940633570808,155080,43968,5164
720575940633773849,145008,27088,3836
720575940633802009,147384,25320,4034
720575940633813785,153240,30000,4424
720575940633886765,159136,35344,5092
720575940633908124,158040,41224,5187
720575940633911959,149544,26536,3993
720575940633932951,156952,27728,4147
720575940633989999,164448,30856,4672
720575940634000495,155240,30856,4801
720575940634001007,158136,30576,4722
720575940634006355,174064,30920,4300
720575940634012015,161328,35040,5030
720575940634018415,161736,39592,5173
720575940634072756,150240,37960,4980
720575940634117216,157392,43720,5032
720575940634146808,163719,27635,4414
720575940634231999,149448,32080,4074
720575940634235744,152304,29896,4475
720575940634296951,165496,26976,4216
720575940634347360,154160,43600,5133
720575940634351200,156712,43296,5360
720575940634362999,168880,31888,4471
720575940634464869,155944,43872,5146
720575940634468197,157960,29096,4623
720575940634514533,154408,25304,4242
720575940634638734,157855,29971,4800
720575940634638990,158920,30256,4610
720575940634640014,151107,25959,4206
720575940634664674,152752,26872,4479
720575940634800282,165664,33312,4670
720575940634800759,146224,25224,3818
720575940634839988,162768,36064,5047
720575940634849460,154152,44768,5010
720575940634878047,153864,28904,4054
720575940634890175,154256,28256,4514
720575940634914552,140736,24568,3525
720575940634920543,160432,42160,5019
720575940634937951,151168,25424,3915
720575940634939034,153256,28368,4235
720575940634969701,166200,28560,4429
720575940634975851,147536,30296,4623
720575940634977893,149864,30440,4693
720575940634989560,148432,28560,4066
720575940635016048,166800,31904,4603
720575940635033701,168008,29104,4312
720575940635150990,158248,41832,5217
720575940635153294,164736,27400,4414
720575940635213998,169592,33252,4695
720575940635498871,160536,25512,4238
720575940635499888,163872,41464,5154
720575940635541623,147424,29808,4351
720575940635628766,145312,31312,4042
720575940635656670,148440,32336,4616
720575940635659486,151280,26968,4290
720575940635696535,148688,32264,4035
720575940635800431,165304,39144,5052
720575940635807087,146104,27536,4111
720575940635883748,150392,32104,4774
720575940635884143,144440,30368,3944
720575940635953343,158552,42608,5334
720575940636045175,162168,42112,5086
720575940636059226,147280,26240,4160
720575940636069751,152304,41552,5058
720575940636092393,154681,27686,4466
720575940636114239,155936,27232,4130
720575940636135799,145808,26680,3893
720575940636136567,149720,31400,4830
720575940636143679,149408,36192,4844
720575940636146409,157360,41984,5150
720575940636159039,146512,25248,3992
720575940636168414,153512,30296,4509
720575940636224142,156848,42464,5212
720575940636356836,148840,29056,3853
720575940636364133,145912,24672,3634
720575940636375653,165960,32184,4601
720575940636447630,161952,43064,5092
720575940636488878,151704,28904,4585
720575940636519598,162856,27632,4323
720575940636551086,147672,26688,3648
720575940636553306,155744,42776,5046
720575940636553390,160304,32179,4887
720575940636553646,148216,31584,4011
720575940636560730,145568,26816,4146
720575940636605530,166330,30325,4640
720575940636640602,156880,40600,5298
720575940636665262,155288,27800,4002
720575940636675817,153744,43672,5417
720575940636677190,158703,32110,4921
720575940636685894,159320,26040,4287
720575940636769343,162728,29880,4697
720575940636877936,158976,26736,4400
720575940636920542,155880,28392,4545
720575940636991856,146488,26792,4065
720575940637050933,150840,26752,3793
720575940637055797,151432,27032,4379
720575940637079407,147576,33880,4861
720575940637148486,165928,28024,4191
720575940637164260,145040,29168,4150
720575940637169998,146464,26832,3647
720575940637184078,153184,31168,4792
720575940637186638,160216,42176,5097
720575940637190990,152208,44376,5426
720575940637211462,164851,33326,4882
720575940637222470,151624,33152,4950
720575940637225798,164824,28872,4133
720575940637277117,159728,30184,4592
720575940637315418,160640,27152,4408
720575940637316029,162376,40512,5182
720575940637320381,143624,26176,3999
720575940637372894,152696,44152,5048
720575940637404750,150456,28624,4434
720575940637434601,145232,28400,3893
720575940637465054,148184,30080,4671
720575940637508698,161376,43808,5182
720575940637526750,155991,30413,4808
720575940637580659,151768,24960,4114
720575940637584755,152552,31024,4718
720575940637594995,149024,30990,4391
720575940637595507,148808,28416,4155
720575940637657189,164605,29297,4493
720575940637695395,156528,43080,5068
720575940637704765,153696,42784,5176
720575940637707069,165568,32440,4748
720575940637714264,161032,43312,4895
720575940637726180,145960,26400,3989
720575940637733702,153224,27336,3972
720575940637746520,142173,25107,3546
720575940637754019,157880,29768,4553
720575940637773117,166016,30592,4596
720575940637788494,151888,28248,3974
720575940637810239,166160,28624,4031
720575940637826623,158720,26096,4350
720575940637846618,156184,42288,5097
720575940637869028,151120,34616,4901
720575940637907428,167544,31256,4407
720575940637949161,148664,24744,3848
720575940637999950,169477,29555,4425
720575940638053865,170687,29017,4239
720575940638179699,172018,28916,4111
720575940638472006,156200,43376,5283
720575940638480061,148400,34976,4870
720575940638531637,153768,28816,4265
720575940638561102,160136,41984,5266
720575940638619358,161176,42000,5001
720575940638626613,160016,44680,5115
720575940638662352,164728,27520,4223
720575940638925877,157488,26504,4061
720575940638964131,146136,25000,3715
720575940638975285,149008,26144,4210
720575940638995005,152712,26480,3954
720575940639022243,160336,26464,4296
720575940639056061,167232,26712,4084
720575940639069493,162616,27072,4153
720575940639078717,173056,32568,4377
720575940639090997,151640,44848,5289
720575940639116888,152928,32072,4863
720575940639118168,166936,35152,4820
720575940639157968,166448,28464,4242
720575940639158480,154136,28192,4085
720575940639172560,171083,29488,4360
720575940639202532,171833,33384,4594
720575940639218165,170776,31936,4289
720575940639242303,136984,22992,2736
720575940639274574,151720,31480,4041
720575940639278325,144920,26552,4097
720575940639409315,159008,34568,5093
720575940639506749,155880,26888,4328
720575940639537213,147864,32208,4060
720575940639543715,153352,38504,5275
720575940639554675,144592,27944,3863
720575940639588723,149056,26328,3821
720575940639684515,156424,31112,4299
720575940639686232,154992,25160,4147
720575940639688611,154416,43696,5211
720575940639726555,163152,41272,4926
720575940639727067,160138,29084,4613
720575940639727861,143128,26936,3915
720575940639733211,146120,26824,3812
720575940639749109,149456,29216,4274
720575940639986048,154824,42776,5411
720575940640276955,148264,31232,4362
720575940640292571,152352,27368,4423
720575940640356149,128896,91720,3660
720575940640566736,149620,35070,5102
720575940640634787,164568,37168,5044
720575940640646864,156760,30112,4208
720575940640756621,147976,29248,4447
720575940640758157,173520,31752,4287
720575940640883931,156490,30548,4625
720575940640905205,157472,29672,4669
720575940641079029,165608,26456,4109
720575940641355739,165432,28576,4363
720575940641360091,151016,27552,4513
720575940641536397,152368,31664,4800
720575940641866912,156744,39808,5187
720575940641889952,160359,30525,4721
720575940642010056,149104,27928,4395
720575940642022088,155320,44304,5417
720575940642108301,148312,27328,3845
720575940642162573,148056,25032,3998
720575940642338464,151568,30128,4309
720575940642383520,166064,29360,4282
720575940642948887,147648,32528,4454
720575940643063200,143576,28400,3945
720575940643266852,151632,42744,5305
720575940643404744,147696,26576,3944
720575940643497632,170480,28520,4186
720575940643501472,147416,28952,4052
720575940643504288,155104,29504,4486
720575940643769544,150216,26488,4169
720575940643830126,157560,41904,5307
720575940644136983,164792,41584,5115
720575940644413732,147680,26696,4241
720575940644472100,150032,28608,3982
720575940644479267,159473,30552,4823
720575940644554606,159930,33379,4994
720575940644583534,148360,29120,4568
720575940644607854,154912,32120,4195
720575940644609134,151136,31536,4197
720575940644747572,169392,31784,4537
720575940644759319,155408,27765,4575
720575940644837655,149080,30376,4456
720575940644843031,151824,27216,4233
720575940644946211,152288,36328,5147
720575940645210222,147384,29608,4171
720575940645236078,154672,42968,5301
720575940645248878,143864,29768,3920
720575940645386884,147656,27272,4010
720575940645390468,158736,43352,5340
720575940645759523,156656,43888,5192
720575940645828740,150808,29072,4198
720575940645858948,146928,27736,3950
720575940646263331,157224,33888,5090
720575940646290979,169217,30507,4539
720575940646308148,157792,44392,5297
720575940646419235,156232,31248,4896
720575940646598788,145568,27648,3854
720575940646602372,157336,45912,4984
720575940646606724,151616,29800,4422
720575940646609028,149808,25792,3959
720575940646646148,161416,28920,4435
720575940646682932,153208,26080,4375
720575940647153796,156544,25496,4194
720575940647714425,159280,29296,4619
720575940647739513,147576,30264,4114
720575940648205945,171680,32672,4576
720575940648235641,162368,43664,5143
720575940648246649,169848,28448,4250
720575940648276089,155928,27664,4352
720575940648564612,155456,67640,2051
720575940648995705,169688,30720,4427
720575940649012857,151688,41744,5179
720575940649022841,151584,27704,4343
720575940649228665,167096,29336,4233
720575940649649529,166264,32760,4687
720575940649650041,160968,41600,5247
720575940649691513,152672,26864,4222
720575940650270710,160056,29392,4574
720575940651816950,157696,43288,5190
720575940652311030,153064,30296,4829
720575940652784289,167632,29504,4521
720575940652809377,165400,30192,4203
720575940652822945,152824,41672,5363
720575940653332385,158520,25600,4250
720575940654647457,156240,44216,5377
720575940654752417,165696,30672,4713
720575940658101121,162704,41464,5167
720575940659297153,149448,32144,4360
720575940659314817,156712,29088,4367
720575940659316609,151496,34088,4962
720575940659536257,156535,30242,4870
720575940659577217,169208,33712,4574
720575940659765121,161656,42504,5035
720575940659850113,155744,45384,5055
720575940659940225,164544,28176,4374
720575940660047489,166800,34040,4708
